{
  "project_info": {
    "project_number": "345111065762",
    "project_id": "fir-authentication-1a368",
    "storage_bucket": "fir-authentication-1a368.firebasestorage.app"
  },
  "client": [
    {
      "client_info": {
        "mobilesdk_app_id": "1:345111065762:android:c82fd31064d708fe72d3fb",
        "android_client_info": {
          "package_name": "com.singlepointsol.firebaseauthenticationdemo"
        }
      },
      "oauth_client": [],
      "api_key": [
        {
          "current_key": "AIzaSyDfUQT5ivf8DO47HaPwTDpX-SHIw_Awvh8"
        }
      ],
      "services": {
        "appinvite_service": {
          "other_platform_oauth_client": []
        }
      }
    }
  ],
  "configuration_version": "1"
}